<?xml version='1.1' encoding='UTF-8'?>
<Tag plugin="workflow-support@3.4">
  <node class="cps.n.StepEndNode" plugin="workflow-cps@2.78">
    <parentIds>
      <string>35</string>
    </parentIds>
    <id>36</id>
    <startId>4</startId>
  </node>
  <actions>
    <wf.a.BodyInvocationAction plugin="workflow-api@2.39"/>
    <wf.a.TimingAction plugin="workflow-api@2.39">
      <startTime>1597760696835</startTime>
    </wf.a.TimingAction>
    <wf.a.ErrorAction plugin="workflow-api@2.39">
      <error class="hudson.AbortException">
        <detailMessage>Aucun fichier de rapport de test n&apos;a été trouvé. Erreur de configuration?</detailMessage>
        <stackTrace>
          <trace>hudson.tasks.junit.JUnitParser$ParseResultCallable.invoke(JUnitParser.java:154)</trace>
          <trace>hudson.tasks.junit.JUnitParser$ParseResultCallable.invoke(JUnitParser.java:118)</trace>
          <trace>hudson.FilePath$FileCallableWrapper.call(FilePath.java:3069)</trace>
          <trace>hudson.remoting.UserRequest.perform(UserRequest.java:211)</trace>
          <trace>hudson.remoting.UserRequest.perform(UserRequest.java:54)</trace>
          <trace>hudson.remoting.Request$2.run(Request.java:369)</trace>
          <trace>hudson.remoting.InterceptingExecutorService$1.call(InterceptingExecutorService.java:72)</trace>
          <trace>java.util.concurrent.FutureTask.run(FutureTask.java:264)</trace>
          <trace>java.util.concurrent.ThreadPoolExecutor.runWorker(ThreadPoolExecutor.java:1130)</trace>
          <trace>java.util.concurrent.ThreadPoolExecutor$Worker.run(ThreadPoolExecutor.java:630)</trace>
          <trace>java.lang.Thread.run(Thread.java:832)</trace>
        </stackTrace>
        <suppressedExceptions>
          <hudson.remoting.Channel_-CallSiteStackTrace>
            <detailMessage>Remote call to node4</detailMessage>
            <stackTrace>
              <trace>hudson.remoting.Channel.attachCallSiteStackTrace(Channel.java:1788)</trace>
              <trace>hudson.remoting.UserRequest$ExceptionResponse.retrieve(UserRequest.java:356)</trace>
              <trace>hudson.remoting.Channel.call(Channel.java:998)</trace>
              <trace>hudson.FilePath.act(FilePath.java:1069)</trace>
              <trace>hudson.FilePath.act(FilePath.java:1058)</trace>
              <trace>hudson.tasks.junit.JUnitParser.parseResult(JUnitParser.java:114)</trace>
              <trace>hudson.tasks.junit.JUnitResultArchiver.parse(JUnitResultArchiver.java:137)</trace>
              <trace>hudson.tasks.junit.JUnitResultArchiver.parseAndAttach(JUnitResultArchiver.java:167)</trace>
              <trace>hudson.tasks.junit.pipeline.JUnitResultsStepExecution.run(JUnitResultsStepExecution.java:52)</trace>
              <trace>hudson.tasks.junit.pipeline.JUnitResultsStepExecution.run(JUnitResultsStepExecution.java:25)</trace>
              <trace>org.jenkinsci.plugins.workflow.steps.SynchronousNonBlockingStepExecution.lambda$start$0(SynchronousNonBlockingStepExecution.java:47)</trace>
              <trace>java.util.concurrent.Executors$RunnableAdapter.call(Unknown Source)</trace>
              <trace>java.util.concurrent.FutureTask.run(Unknown Source)</trace>
              <trace>java.util.concurrent.ThreadPoolExecutor.runWorker(Unknown Source)</trace>
              <trace>java.util.concurrent.ThreadPoolExecutor$Worker.run(Unknown Source)</trace>
              <trace>java.lang.Thread.run(Unknown Source)</trace>
            </stackTrace>
            <suppressedExceptions class="java.util.Collections$UnmodifiableRandomAccessList" resolves-to="java.util.Collections$UnmodifiableList">
              <c class="list"/>
              <list reference="../c"/>
            </suppressedExceptions>
          </hudson.remoting.Channel_-CallSiteStackTrace>
        </suppressedExceptions>
      </error>
    </wf.a.ErrorAction>
  </actions>
</Tag>