<?xml version='1.1' encoding='UTF-8'?>
<Tag plugin="workflow-support@3.4">
  <node class="cps.n.StepStartNode" plugin="workflow-cps@2.78">
    <parentIds>
      <string>11</string>
    </parentIds>
    <id>12</id>
    <descriptorId>org.jenkinsci.plugins.workflow.support.steps.StageStep</descriptorId>
  </node>
  <actions>
    <wf.a.BodyInvocationAction plugin="workflow-api@2.39"/>
    <wf.a.LabelAction plugin="workflow-api@2.39">
      <displayName>Build DataAnalyser</displayName>
    </wf.a.LabelAction>
    <wf.a.TimingAction plugin="workflow-api@2.39">
      <startTime>1597759460188</startTime>
    </wf.a.TimingAction>
    <wf.a.TagsAction plugin="workflow-api@2.39">
      <tags>
        <entry>
          <string>STAGE_STATUS</string>
          <string>SKIPPED_FOR_FAILURE</string>
        </entry>
      </tags>
    </wf.a.TagsAction>
  </actions>
</Tag>