<?xml version='1.1' encoding='UTF-8'?>
<Tag plugin="workflow-support@3.4">
  <node class="org.jenkinsci.plugins.workflow.graph.FlowEndNode" plugin="workflow-api@2.39">
    <parentIds>
      <string>32</string>
    </parentIds>
    <id>33</id>
    <startId>2</startId>
    <result>
      <name>FAILURE</name>
      <ordinal>2</ordinal>
      <color>RED</color>
      <completeBuild>true</completeBuild>
    </result>
  </node>
  <actions>
    <wf.a.ErrorAction plugin="workflow-api@2.39">
      <error class="hudson.AbortException">
        <detailMessage>script returned exit code 1</detailMessage>
        <stackTrace>
          <trace>org.jenkinsci.plugins.workflow.steps.durable_task.DurableTaskStep$Execution.handleExit(DurableTaskStep.java:658)</trace>
          <trace>org.jenkinsci.plugins.workflow.steps.durable_task.DurableTaskStep$Execution.check(DurableTaskStep.java:604)</trace>
          <trace>org.jenkinsci.plugins.workflow.steps.durable_task.DurableTaskStep$Execution.run(DurableTaskStep.java:548)</trace>
          <trace>java.util.concurrent.Executors$RunnableAdapter.call(Unknown Source)</trace>
          <trace>java.util.concurrent.FutureTask.run(Unknown Source)</trace>
          <trace>java.util.concurrent.ScheduledThreadPoolExecutor$ScheduledFutureTask.access$201(Unknown Source)</trace>
          <trace>java.util.concurrent.ScheduledThreadPoolExecutor$ScheduledFutureTask.run(Unknown Source)</trace>
          <trace>java.util.concurrent.ThreadPoolExecutor.runWorker(Unknown Source)</trace>
          <trace>java.util.concurrent.ThreadPoolExecutor$Worker.run(Unknown Source)</trace>
          <trace>java.lang.Thread.run(Unknown Source)</trace>
        </stackTrace>
        <suppressedExceptions class="java.util.Collections$UnmodifiableRandomAccessList" resolves-to="java.util.Collections$UnmodifiableList">
          <c class="list"/>
          <list reference="../c"/>
        </suppressedExceptions>
      </error>
    </wf.a.ErrorAction>
    <wf.a.TimingAction plugin="workflow-api@2.39">
      <startTime>1597833551335</startTime>
    </wf.a.TimingAction>
  </actions>
</Tag>