<?xml version='1.1' encoding='UTF-8'?>
<Tag plugin="workflow-support@3.4">
  <node class="cps.n.StepStartNode" plugin="workflow-cps@2.78">
    <parentIds>
      <string>19</string>
    </parentIds>
    <id>20</id>
    <descriptorId>org.jenkinsci.plugins.workflow.support.steps.StageStep</descriptorId>
  </node>
  <actions>
    <wf.a.BodyInvocationAction plugin="workflow-api@2.39"/>
    <wf.a.LabelAction plugin="workflow-api@2.39">
      <displayName>Declarative: Post Actions</displayName>
    </wf.a.LabelAction>
    <wf.a.TimingAction plugin="workflow-api@2.39">
      <startTime>1597759902148</startTime>
    </wf.a.TimingAction>
    <wf.a.TagsAction plugin="workflow-api@2.39">
      <tags>
        <entry>
          <string>SYNTHETIC_STAGE</string>
          <string>POST</string>
        </entry>
      </tags>
    </wf.a.TagsAction>
  </actions>
</Tag>