<?xml version='1.1' encoding='UTF-8'?>
<Tag plugin="workflow-support@3.4">
  <node class="cps.n.StepAtomNode" plugin="workflow-cps@2.78">
    <parentIds>
      <string>20</string>
    </parentIds>
    <id>21</id>
    <descriptorId>org.jenkinsci.plugins.workflow.steps.CoreStep</descriptorId>
  </node>
  <actions>
    <cps.a.ArgumentsActionImpl plugin="workflow-cps@2.78">
      <arguments>
        <entry>
          <string>delegate</string>
          <org.jenkinsci.plugins.structs.describable.UninstantiatedDescribable plugin="structs@1.20">
            <symbol>archiveArtifacts</symbol>
            <arguments class="tree-map">
              <entry>
                <string>artifacts</string>
                <string>build/libs/**/*.jar</string>
              </entry>
              <entry>
                <string>fingerprint</string>
                <boolean>true</boolean>
              </entry>
            </arguments>
          </org.jenkinsci.plugins.structs.describable.UninstantiatedDescribable>
        </entry>
      </arguments>
      <isUnmodifiedBySanitization>true</isUnmodifiedBySanitization>
    </cps.a.ArgumentsActionImpl>
    <wf.a.TimingAction plugin="workflow-api@2.39">
      <startTime>1597759902403</startTime>
    </wf.a.TimingAction>
    <s.a.LogStorageAction/>
  </actions>
</Tag>