<?xml version='1.1' encoding='UTF-8'?>
<Tag plugin="workflow-support@3.4">
  <node class="cps.n.StepAtomNode" plugin="workflow-cps@2.78">
    <parentIds>
      <string>13</string>
    </parentIds>
    <id>14</id>
    <descriptorId>org.jenkinsci.plugins.workflow.steps.durable_task.ShellStep</descriptorId>
  </node>
  <actions>
    <cps.a.ArgumentsActionImpl plugin="workflow-cps@2.78">
      <arguments>
        <entry>
          <string>script</string>
          <string>
          #!/bin/bash
          cd /home/ilhem/NetBeansProjects/DataAnalyser
         pwd
         mvn package
          
          
        </string>
        </entry>
      </arguments>
      <isUnmodifiedBySanitization>true</isUnmodifiedBySanitization>
    </cps.a.ArgumentsActionImpl>
    <wf.a.TimingAction plugin="workflow-api@2.39">
      <startTime>1597759146198</startTime>
    </wf.a.TimingAction>
    <s.a.LogStorageAction/>
  </actions>
</Tag>