<?xml version='1.1' encoding='UTF-8'?>
<Tag plugin="workflow-support@3.4">
  <node class="cps.n.StepAtomNode" plugin="workflow-cps@2.78">
    <parentIds>
      <string>23</string>
    </parentIds>
    <id>24</id>
    <descriptorId>org.jenkinsci.plugins.workflow.steps.durable_task.ShellStep</descriptorId>
  </node>
  <actions>
    <cps.a.ArgumentsActionImpl plugin="workflow-cps@2.78">
      <arguments>
        <entry>
          <string>script</string>
          <string>
          #!/bin/bash
          cd /home/ilhem/NetBeansProjects/DataAnalyser/target
        java -jar DataAnalyser-1.0-SNAPSHOT.jar
          
          archiveArtifacts allowEmptyArchive: true, artifacts: &apos;**/*.pdf&apos;
         archiveArtifacts allowEmptyArchive: true, artifacts: &apos;**/*.csv&apos;
         archiveArtifacts allowEmptyArchive: true, artifacts: &apos;**/*.html&apos;
        </string>
        </entry>
      </arguments>
      <isUnmodifiedBySanitization>true</isUnmodifiedBySanitization>
    </cps.a.ArgumentsActionImpl>
    <wf.a.TimingAction plugin="workflow-api@2.39">
      <startTime>1597759193486</startTime>
    </wf.a.TimingAction>
    <s.a.LogStorageAction/>
    <wf.a.ErrorAction plugin="workflow-api@2.39">
      <error class="hudson.AbortException">
        <detailMessage>script returned exit code 127</detailMessage>
        <stackTrace>
          <trace>org.jenkinsci.plugins.workflow.steps.durable_task.DurableTaskStep$Execution.handleExit(DurableTaskStep.java:658)</trace>
          <trace>org.jenkinsci.plugins.workflow.steps.durable_task.DurableTaskStep$Execution.check(DurableTaskStep.java:604)</trace>
          <trace>org.jenkinsci.plugins.workflow.steps.durable_task.DurableTaskStep$Execution.run(DurableTaskStep.java:548)</trace>
          <trace>java.util.concurrent.Executors$RunnableAdapter.call(Unknown Source)</trace>
          <trace>java.util.concurrent.FutureTask.run(Unknown Source)</trace>
          <trace>java.util.concurrent.ScheduledThreadPoolExecutor$ScheduledFutureTask.access$201(Unknown Source)</trace>
          <trace>java.util.concurrent.ScheduledThreadPoolExecutor$ScheduledFutureTask.run(Unknown Source)</trace>
          <trace>java.util.concurrent.ThreadPoolExecutor.runWorker(Unknown Source)</trace>
          <trace>java.util.concurrent.ThreadPoolExecutor$Worker.run(Unknown Source)</trace>
          <trace>java.lang.Thread.run(Unknown Source)</trace>
        </stackTrace>
        <suppressedExceptions class="java.util.Collections$UnmodifiableRandomAccessList" resolves-to="java.util.Collections$UnmodifiableList">
          <c class="list"/>
          <list reference="../c"/>
        </suppressedExceptions>
      </error>
    </wf.a.ErrorAction>
  </actions>
</Tag>