<?xml version='1.1' encoding='UTF-8'?>
<Tag plugin="workflow-support@3.4">
  <node class="cps.n.StepStartNode" plugin="workflow-cps@2.78">
    <parentIds>
      <string>19</string>
    </parentIds>
    <id>20</id>
    <descriptorId>org.jenkinsci.plugins.workflow.steps.TimeoutStep</descriptorId>
  </node>
  <actions>
    <wf.a.BodyInvocationAction plugin="workflow-api@2.39"/>
    <wf.a.TimingAction plugin="workflow-api@2.39">
      <startTime>1597760083013</startTime>
    </wf.a.TimingAction>
  </actions>
</Tag>