<?xml version='1.1' encoding='UTF-8'?>
<Tag plugin="workflow-support@3.4">
  <node class="cps.n.StepAtomNode" plugin="workflow-cps@2.78">
    <parentIds>
      <string>32</string>
    </parentIds>
    <id>33</id>
    <descriptorId>org.jenkinsci.plugins.workflow.steps.CoreStep</descriptorId>
  </node>
  <actions>
    <cps.a.ArgumentsActionImpl plugin="workflow-cps@2.78">
      <arguments>
        <entry>
          <string>delegate</string>
          <org.jenkinsci.plugins.structs.describable.UninstantiatedDescribable plugin="structs@1.20">
            <symbol>archiveArtifacts</symbol>
            <arguments class="tree-map">
              <entry>
                <string>artifacts</string>
                <string>build/libs/**/*.jar</string>
              </entry>
              <entry>
                <string>fingerprint</string>
                <boolean>true</boolean>
              </entry>
            </arguments>
          </org.jenkinsci.plugins.structs.describable.UninstantiatedDescribable>
        </entry>
      </arguments>
      <isUnmodifiedBySanitization>true</isUnmodifiedBySanitization>
    </cps.a.ArgumentsActionImpl>
    <wf.a.TimingAction plugin="workflow-api@2.39">
      <startTime>1597760106424</startTime>
    </wf.a.TimingAction>
    <s.a.LogStorageAction/>
    <wf.a.ErrorAction plugin="workflow-api@2.39">
      <error class="hudson.AbortException">
        <detailMessage>No artifacts found that match the file pattern &quot;build/libs/**/*.jar&quot;. Configuration error?</detailMessage>
        <stackTrace>
          <trace>hudson.tasks.ArtifactArchiver.perform(ArtifactArchiver.java:258)</trace>
          <trace>org.jenkinsci.plugins.workflow.steps.CoreStep$Execution.run(CoreStep.java:80)</trace>
          <trace>org.jenkinsci.plugins.workflow.steps.CoreStep$Execution.run(CoreStep.java:67)</trace>
          <trace>org.jenkinsci.plugins.workflow.steps.SynchronousNonBlockingStepExecution.lambda$start$0(SynchronousNonBlockingStepExecution.java:47)</trace>
          <trace>java.util.concurrent.Executors$RunnableAdapter.call(Unknown Source)</trace>
          <trace>java.util.concurrent.FutureTask.run(Unknown Source)</trace>
          <trace>java.util.concurrent.ThreadPoolExecutor.runWorker(Unknown Source)</trace>
          <trace>java.util.concurrent.ThreadPoolExecutor$Worker.run(Unknown Source)</trace>
          <trace>java.lang.Thread.run(Unknown Source)</trace>
        </stackTrace>
        <suppressedExceptions class="java.util.Collections$UnmodifiableRandomAccessList" resolves-to="java.util.Collections$UnmodifiableList">
          <c class="list"/>
          <list reference="../c"/>
        </suppressedExceptions>
      </error>
    </wf.a.ErrorAction>
  </actions>
</Tag>