<?xml version='1.1' encoding='UTF-8'?>
<Tag plugin="workflow-support@3.4">
  <node class="cps.n.StepEndNode" plugin="workflow-cps@2.78">
    <parentIds>
      <string>36</string>
    </parentIds>
    <id>37</id>
    <startId>3</startId>
  </node>
  <actions>
    <wf.a.TimingAction plugin="workflow-api@2.39">
      <startTime>1597760107287</startTime>
    </wf.a.TimingAction>
    <wf.a.ErrorAction plugin="workflow-api@2.39">
      <error class="hudson.AbortException">
        <detailMessage>No artifacts found that match the file pattern &quot;build/libs/**/*.jar&quot;. Configuration error?</detailMessage>
        <stackTrace>
          <trace>hudson.tasks.ArtifactArchiver.perform(ArtifactArchiver.java:258)</trace>
          <trace>org.jenkinsci.plugins.workflow.steps.CoreStep$Execution.run(CoreStep.java:80)</trace>
          <trace>org.jenkinsci.plugins.workflow.steps.CoreStep$Execution.run(CoreStep.java:67)</trace>
          <trace>org.jenkinsci.plugins.workflow.steps.SynchronousNonBlockingStepExecution.lambda$start$0(SynchronousNonBlockingStepExecution.java:47)</trace>
          <trace>java.util.concurrent.Executors$RunnableAdapter.call(Unknown Source)</trace>
          <trace>java.util.concurrent.FutureTask.run(Unknown Source)</trace>
          <trace>java.util.concurrent.ThreadPoolExecutor.runWorker(Unknown Source)</trace>
          <trace>java.util.concurrent.ThreadPoolExecutor$Worker.run(Unknown Source)</trace>
          <trace>java.lang.Thread.run(Unknown Source)</trace>
        </stackTrace>
        <suppressedExceptions class="java.util.Collections$UnmodifiableRandomAccessList" resolves-to="java.util.Collections$UnmodifiableList">
          <c class="list"/>
          <list reference="../c"/>
        </suppressedExceptions>
      </error>
    </wf.a.ErrorAction>
    <wf.a.ErrorAction plugin="workflow-api@2.39">
      <error class="hudson.AbortException" reference="../../wf.a.ErrorAction/error"/>
    </wf.a.ErrorAction>
  </actions>
</Tag>