<?xml version='1.1' encoding='UTF-8'?>
<Tag plugin="workflow-support@3.4">
  <node class="org.jenkinsci.plugins.workflow.graph.FlowEndNode" plugin="workflow-api@2.39">
    <parentIds>
      <string>37</string>
    </parentIds>
    <id>38</id>
    <startId>2</startId>
    <result>
      <name>FAILURE</name>
      <ordinal>2</ordinal>
      <color>RED</color>
      <completeBuild>true</completeBuild>
    </result>
  </node>
  <actions>
    <wf.a.ErrorAction plugin="workflow-api@2.39">
      <error class="hudson.AbortException">
        <detailMessage>No artifacts found that match the file pattern &quot;build/libs/**/*.jar&quot;. Configuration error?</detailMessage>
        <stackTrace>
          <trace>hudson.tasks.ArtifactArchiver.perform(ArtifactArchiver.java:258)</trace>
          <trace>org.jenkinsci.plugins.workflow.steps.CoreStep$Execution.run(CoreStep.java:80)</trace>
          <trace>org.jenkinsci.plugins.workflow.steps.CoreStep$Execution.run(CoreStep.java:67)</trace>
          <trace>org.jenkinsci.plugins.workflow.steps.SynchronousNonBlockingStepExecution.lambda$start$0(SynchronousNonBlockingStepExecution.java:47)</trace>
          <trace>java.util.concurrent.Executors$RunnableAdapter.call(Unknown Source)</trace>
          <trace>java.util.concurrent.FutureTask.run(Unknown Source)</trace>
          <trace>java.util.concurrent.ThreadPoolExecutor.runWorker(Unknown Source)</trace>
          <trace>java.util.concurrent.ThreadPoolExecutor$Worker.run(Unknown Source)</trace>
          <trace>java.lang.Thread.run(Unknown Source)</trace>
        </stackTrace>
        <suppressedExceptions class="java.util.Collections$UnmodifiableRandomAccessList" resolves-to="java.util.Collections$UnmodifiableList">
          <c class="list"/>
          <list reference="../c"/>
        </suppressedExceptions>
      </error>
    </wf.a.ErrorAction>
    <wf.a.TimingAction plugin="workflow-api@2.39">
      <startTime>1597760107585</startTime>
    </wf.a.TimingAction>
  </actions>
</Tag>