<?xml version='1.1' encoding='UTF-8'?>
<Tag plugin="workflow-support@3.4">
  <node class="cps.n.StepEndNode" plugin="workflow-cps@2.78">
    <parentIds>
      <string>16</string>
    </parentIds>
    <id>17</id>
    <startId>16</startId>
  </node>
  <actions>
    <wf.a.BodyInvocationAction plugin="workflow-api@2.39"/>
    <wf.a.TimingAction plugin="workflow-api@2.39">
      <startTime>1597758789253</startTime>
    </wf.a.TimingAction>
    <wf.a.ErrorAction plugin="workflow-api@2.39">
      <error class="hudson.remoting.RequestAbortedException">
        <detailMessage>java.io.IOException: Unexpected termination of the channel</detailMessage>
        <cause class="java.io.IOException">
          <detailMessage>Unexpected termination of the channel</detailMessage>
          <cause class="java.io.EOFException">
            <stackTrace>
              <trace>java.io.ObjectInputStream$PeekInputStream.readFully(Unknown Source)</trace>
              <trace>java.io.ObjectInputStream$BlockDataInputStream.readShort(Unknown Source)</trace>
              <trace>java.io.ObjectInputStream.readStreamHeader(Unknown Source)</trace>
              <trace>java.io.ObjectInputStream.&lt;init&gt;(Unknown Source)</trace>
              <trace>hudson.remoting.ObjectInputStreamEx.&lt;init&gt;(ObjectInputStreamEx.java:49)</trace>
              <trace>hudson.remoting.Command.readFrom(Command.java:142)</trace>
              <trace>hudson.remoting.Command.readFrom(Command.java:128)</trace>
              <trace>hudson.remoting.AbstractSynchronousByteArrayCommandTransport.read(AbstractSynchronousByteArrayCommandTransport.java:35)</trace>
              <trace>hudson.remoting.SynchronousCommandTransport$ReaderThread.run(SynchronousCommandTransport.java:63)</trace>
            </stackTrace>
            <suppressedExceptions class="java.util.Collections$UnmodifiableRandomAccessList" resolves-to="java.util.Collections$UnmodifiableList">
              <c class="list"/>
              <list reference="../c"/>
            </suppressedExceptions>
          </cause>
          <stackTrace>
            <trace>hudson.remoting.SynchronousCommandTransport$ReaderThread.run(SynchronousCommandTransport.java:77)</trace>
          </stackTrace>
          <suppressedExceptions class="java.util.Collections$UnmodifiableRandomAccessList" reference="../cause/suppressedExceptions"/>
        </cause>
        <stackTrace>
          <trace>hudson.remoting.Request.abort(Request.java:340)</trace>
          <trace>hudson.remoting.Channel.terminate(Channel.java:1081)</trace>
          <trace>hudson.remoting.SynchronousCommandTransport$ReaderThread.run(SynchronousCommandTransport.java:94)</trace>
        </stackTrace>
        <suppressedExceptions>
          <hudson.remoting.Channel_-CallSiteStackTrace>
            <detailMessage>Remote call to node4</detailMessage>
            <stackTrace>
              <trace>hudson.remoting.Channel.attachCallSiteStackTrace(Channel.java:1788)</trace>
              <trace>hudson.remoting.Request.call(Request.java:202)</trace>
              <trace>hudson.remoting.Channel.call(Channel.java:997)</trace>
              <trace>hudson.FilePath.act(FilePath.java:1069)</trace>
              <trace>hudson.FilePath.act(FilePath.java:1058)</trace>
              <trace>org.jenkinsci.plugins.durabletask.BourneShellScript.launchWithCookie(BourneShellScript.java:164)</trace>
              <trace>org.jenkinsci.plugins.durabletask.FileMonitoringTask.launch(FileMonitoringTask.java:99)</trace>
              <trace>org.jenkinsci.plugins.workflow.steps.durable_task.DurableTaskStep$Execution.start(DurableTaskStep.java:317)</trace>
              <trace>org.jenkinsci.plugins.workflow.cps.DSL.invokeStep(DSL.java:286)</trace>
              <trace>org.jenkinsci.plugins.workflow.cps.DSL.invokeMethod(DSL.java:179)</trace>
              <trace>org.jenkinsci.plugins.workflow.cps.CpsScript.invokeMethod(CpsScript.java:122)</trace>
              <trace>sun.reflect.GeneratedMethodAccessor443.invoke(Unknown Source)</trace>
              <trace>sun.reflect.DelegatingMethodAccessorImpl.invoke(Unknown Source)</trace>
              <trace>java.lang.reflect.Method.invoke(Unknown Source)</trace>
              <trace>org.codehaus.groovy.reflection.CachedMethod.invoke(CachedMethod.java:93)</trace>
              <trace>groovy.lang.MetaMethod.doMethodInvoke(MetaMethod.java:325)</trace>
              <trace>groovy.lang.MetaClassImpl.invokeMethod(MetaClassImpl.java:1213)</trace>
              <trace>groovy.lang.MetaClassImpl.invokeMethod(MetaClassImpl.java:1022)</trace>
              <trace>org.codehaus.groovy.runtime.callsite.PogoMetaClassSite.call(PogoMetaClassSite.java:42)</trace>
              <trace>org.codehaus.groovy.runtime.callsite.CallSiteArray.defaultCall(CallSiteArray.java:48)</trace>
              <trace>org.codehaus.groovy.runtime.callsite.AbstractCallSite.call(AbstractCallSite.java:113)</trace>
              <trace>org.kohsuke.groovy.sandbox.impl.Checker$1.call(Checker.java:160)</trace>
              <trace>org.kohsuke.groovy.sandbox.GroovyInterceptor.onMethodCall(GroovyInterceptor.java:23)</trace>
              <trace>org.jenkinsci.plugins.scriptsecurity.sandbox.groovy.SandboxInterceptor.onMethodCall(SandboxInterceptor.java:157)</trace>
              <trace>org.kohsuke.groovy.sandbox.impl.Checker$1.call(Checker.java:158)</trace>
              <trace>org.kohsuke.groovy.sandbox.impl.Checker.checkedCall(Checker.java:162)</trace>
              <trace>org.kohsuke.groovy.sandbox.impl.Checker.checkedCall(Checker.java:132)</trace>
              <trace>com.cloudbees.groovy.cps.sandbox.SandboxInvoker.methodCall(SandboxInvoker.java:17)</trace>
              <trace>com.cloudbees.groovy.cps.impl.ContinuationGroup.methodCall(ContinuationGroup.java:86)</trace>
              <trace>com.cloudbees.groovy.cps.impl.FunctionCallBlock$ContinuationImpl.dispatchOrArg(FunctionCallBlock.java:113)</trace>
              <trace>com.cloudbees.groovy.cps.impl.FunctionCallBlock$ContinuationImpl.fixArg(FunctionCallBlock.java:83)</trace>
              <trace>sun.reflect.GeneratedMethodAccessor185.invoke(Unknown Source)</trace>
              <trace>sun.reflect.DelegatingMethodAccessorImpl.invoke(Unknown Source)</trace>
              <trace>java.lang.reflect.Method.invoke(Unknown Source)</trace>
              <trace>com.cloudbees.groovy.cps.impl.ContinuationPtr$ContinuationImpl.receive(ContinuationPtr.java:72)</trace>
              <trace>com.cloudbees.groovy.cps.impl.CollectionLiteralBlock$ContinuationImpl.dispatch(CollectionLiteralBlock.java:55)</trace>
              <trace>com.cloudbees.groovy.cps.impl.CollectionLiteralBlock$ContinuationImpl.item(CollectionLiteralBlock.java:45)</trace>
              <trace>sun.reflect.GeneratedMethodAccessor411.invoke(Unknown Source)</trace>
              <trace>sun.reflect.DelegatingMethodAccessorImpl.invoke(Unknown Source)</trace>
              <trace>java.lang.reflect.Method.invoke(Unknown Source)</trace>
              <trace>com.cloudbees.groovy.cps.impl.ContinuationPtr$ContinuationImpl.receive(ContinuationPtr.java:72)</trace>
              <trace>com.cloudbees.groovy.cps.impl.ConstantBlock.eval(ConstantBlock.java:21)</trace>
              <trace>com.cloudbees.groovy.cps.Next.step(Next.java:83)</trace>
              <trace>com.cloudbees.groovy.cps.Continuable$1.call(Continuable.java:174)</trace>
              <trace>com.cloudbees.groovy.cps.Continuable$1.call(Continuable.java:163)</trace>
              <trace>org.codehaus.groovy.runtime.GroovyCategorySupport$ThreadCategoryInfo.use(GroovyCategorySupport.java:129)</trace>
              <trace>org.codehaus.groovy.runtime.GroovyCategorySupport.use(GroovyCategorySupport.java:268)</trace>
              <trace>com.cloudbees.groovy.cps.Continuable.run0(Continuable.java:163)</trace>
              <trace>org.jenkinsci.plugins.workflow.cps.SandboxContinuable.access$001(SandboxContinuable.java:18)</trace>
              <trace>org.jenkinsci.plugins.workflow.cps.SandboxContinuable.run0(SandboxContinuable.java:51)</trace>
              <trace>org.jenkinsci.plugins.workflow.cps.CpsThread.runNextChunk(CpsThread.java:185)</trace>
              <trace>org.jenkinsci.plugins.workflow.cps.CpsThreadGroup.run(CpsThreadGroup.java:405)</trace>
              <trace>org.jenkinsci.plugins.workflow.cps.CpsThreadGroup.access$400(CpsThreadGroup.java:96)</trace>
              <trace>org.jenkinsci.plugins.workflow.cps.CpsThreadGroup$2.call(CpsThreadGroup.java:317)</trace>
              <trace>org.jenkinsci.plugins.workflow.cps.CpsThreadGroup$2.call(CpsThreadGroup.java:281)</trace>
              <trace>org.jenkinsci.plugins.workflow.cps.CpsVmExecutorService$2.call(CpsVmExecutorService.java:67)</trace>
              <trace>java.util.concurrent.FutureTask.run(Unknown Source)</trace>
              <trace>hudson.remoting.SingleLaneExecutorService$1.run(SingleLaneExecutorService.java:131)</trace>
              <trace>jenkins.util.ContextResettingExecutorService$1.run(ContextResettingExecutorService.java:28)</trace>
              <trace>jenkins.security.ImpersonatingExecutorService$1.run(ImpersonatingExecutorService.java:59)</trace>
              <trace>java.util.concurrent.Executors$RunnableAdapter.call(Unknown Source)</trace>
              <trace>java.util.concurrent.FutureTask.run(Unknown Source)</trace>
              <trace>java.util.concurrent.ThreadPoolExecutor.runWorker(Unknown Source)</trace>
              <trace>java.util.concurrent.ThreadPoolExecutor$Worker.run(Unknown Source)</trace>
              <trace>java.lang.Thread.run(Unknown Source)</trace>
            </stackTrace>
            <suppressedExceptions class="java.util.Collections$UnmodifiableRandomAccessList" reference="../../../cause/cause/suppressedExceptions"/>
          </hudson.remoting.Channel_-CallSiteStackTrace>
        </suppressedExceptions>
      </error>
    </wf.a.ErrorAction>
  </actions>
</Tag>