<?xml version='1.1' encoding='UTF-8'?>
<Tag plugin="workflow-support@3.4">
  <node class="cps.n.StepStartNode" plugin="workflow-cps@2.78">
    <parentIds>
      <string>20</string>
    </parentIds>
    <id>21</id>
    <descriptorId>org.jenkinsci.plugins.workflow.steps.CoreWrapperStep</descriptorId>
  </node>
  <actions>
    <s.a.LogStorageAction/>
    <cps.a.ArgumentsActionImpl plugin="workflow-cps@2.78">
      <arguments>
        <entry>
          <string>delegate</string>
          <linked-hash-map>
            <entry>
              <string>$class</string>
              <string>Xvnc</string>
            </entry>
            <entry>
              <string>additionalOptions</string>
              <string></string>
            </entry>
            <entry>
              <string>assignedLabels</string>
              <string></string>
            </entry>
            <entry>
              <string>autoDisplayName</string>
              <boolean>true</boolean>
            </entry>
            <entry>
              <string>debug</string>
              <boolean>true</boolean>
            </entry>
            <entry>
              <string>displayNameOffset</string>
              <int>0</int>
            </entry>
            <entry>
              <string>installationName</string>
              <string>default xvfb</string>
            </entry>
            <entry>
              <string>parallelBuild</string>
              <boolean>true</boolean>
            </entry>
            <entry>
              <string>screen</string>
              <string>1024x758x24</string>
            </entry>
            <entry>
              <string>timeout</string>
              <int>25</int>
            </entry>
          </linked-hash-map>
        </entry>
      </arguments>
      <isUnmodifiedBySanitization>true</isUnmodifiedBySanitization>
    </cps.a.ArgumentsActionImpl>
    <wf.a.TimingAction plugin="workflow-api@2.39">
      <startTime>1597761259575</startTime>
    </wf.a.TimingAction>
  </actions>
</Tag>