<?xml version='1.1' encoding='UTF-8'?>
<Tag plugin="workflow-support@3.4">
  <node class="cps.n.StepEndNode" plugin="workflow-cps@2.78">
    <parentIds>
      <string>18</string>
    </parentIds>
    <id>19</id>
    <startId>4</startId>
  </node>
  <actions>
    <wf.a.BodyInvocationAction plugin="workflow-api@2.39"/>
    <wf.a.TimingAction plugin="workflow-api@2.39">
      <startTime>1597839838932</startTime>
    </wf.a.TimingAction>
    <wf.a.ErrorAction plugin="workflow-api@2.39">
      <error class="org.jenkinsci.plugins.workflow.steps.FlowInterruptedException" plugin="workflow-step-api@2.22">
        <stackTrace>
          <trace>org.jenkinsci.plugins.workflow.cps.CpsFlowExecution.interrupt(CpsFlowExecution.java:1137)</trace>
          <trace>org.jenkinsci.plugins.workflow.job.WorkflowRun$2.lambda$interrupt$0(WorkflowRun.java:367)</trace>
          <trace>jenkins.security.ImpersonatingScheduledExecutorService$1.run(ImpersonatingScheduledExecutorService.java:58)</trace>
          <trace>java.util.concurrent.Executors$RunnableAdapter.call(Unknown Source)</trace>
          <trace>java.util.concurrent.FutureTask.run(Unknown Source)</trace>
          <trace>java.util.concurrent.ScheduledThreadPoolExecutor$ScheduledFutureTask.access$201(Unknown Source)</trace>
          <trace>java.util.concurrent.ScheduledThreadPoolExecutor$ScheduledFutureTask.run(Unknown Source)</trace>
          <trace>java.util.concurrent.ThreadPoolExecutor.runWorker(Unknown Source)</trace>
          <trace>java.util.concurrent.ThreadPoolExecutor$Worker.run(Unknown Source)</trace>
          <trace>java.lang.Thread.run(Unknown Source)</trace>
        </stackTrace>
        <suppressedExceptions class="java.util.Collections$UnmodifiableRandomAccessList" resolves-to="java.util.Collections$UnmodifiableList">
          <c class="list"/>
          <list reference="../c"/>
        </suppressedExceptions>
        <result>
          <name>ABORTED</name>
          <ordinal>4</ordinal>
          <color>ABORTED</color>
          <completeBuild>false</completeBuild>
        </result>
        <causes class="java.util.Arrays$ArrayList">
          <a class="jenkins.model.CauseOfInterruption-array">
            <jenkins.model.CauseOfInterruption_-UserInterruption>
              <user>anonymous</user>
            </jenkins.model.CauseOfInterruption_-UserInterruption>
          </a>
        </causes>
        <actualInterruption>true</actualInterruption>
      </error>
    </wf.a.ErrorAction>
  </actions>
</Tag>